พื้นที่,เนื้อที่ยืนต้น ให้ผลผลิต (ไร่),เนื้อที่ยืนต้น ยังไม่ให้ผลผลิต (ไร่),รวม (ไร่),ผลผลิตที่เก็บเกี่ยวได้ (กิโลกรัม)
เมืองกระบี่,"194,375.50","13,058.50","207,434.00","179,081,953.00"
เขาพนม,"357,095.50","30,887.00","387,982.50","2,063,144,461.39"
เกาะลันตา,"57,111.01","9,343.00","66,454.01","47,274,543.94"
คลองท่อม,"395,447.00","37,293.00","432,740.00","428,089,974.05"
อ่าวลึก,"332,422.00","51,999.00","384,421.00","2,600.00"
ปลายพระยา,"208,203.00","39,524.00","247,727.00","623,401,385.67"
ลำทับ,"130,239.00","14,499.00","144,738.00","11,107,122.26"
เหนือคลอง,"115,018.00","42,883.00","157,901.00","1,232,688,794.00"
เมืองกาญจนบุรี,"10,706.50","4,832.25","15,538.75","20,163,592.13"
ไทรโยค,"40,438.00","12,543.25","52,981.25","144,783,035.00"
มะขาม,"2,258.00",133,"2,391.00","5,047,900.00"
บ่อพลอย,"3,085.50","6,278.00","9,363.50","2,317,942.50"
มะขาม,35,45,80,"16,000.00"
สะเดา,0,60,60,0
ศรีสวัสดิ์,"5,463.25","3,850.13","9,313.38","2,879,975.00"
มะขาม,"1,536.00","1,125.00","2,661.00","128,000.00"
สะเดา,0,11,11,0
ท่ามะกา,946.5,197.25,"1,143.75","2,582,960.00"
ท่าม่วง,"3,726.00","3,599.50","7,325.50","12,557,745.08"
ทองผาภูมิ,"63,996.75","26,235.50","90,232.25","60,278,790.47"
มะขาม,116,15,131,"12,540.00"
สังขละบุรี,"32,741.00","5,973.00","38,714.00","12,154,362.67"
พนมทวน,"1,064.25",170,"1,234.25","1,321,237.50"
มะขาม,0,16,16,0
เลาขวัญ,"3,918.00","7,110.00","11,028.00","7,440,885.64"
ด่านมะขามเตี้ย,"5,821.00","3,684.00","9,505.00","7,715,507.84"
หนองปรือ,"3,330.25","7,227.00","10,557.25","4,760,357.00"
มะขาม,31,12,43,0
ห้วยกระเจา,468,"13,694.50","14,162.50","74,876.50"
เมืองกาฬสินธุ์,327.25,671,998.25,"7,225.00"
นามน,"1,026.32","2,507.86","3,534.18","308,605.00"
มะขาม,5,0,5,500
กมลาไสย,203.9,139,342.9,"65,423.00"
ร่องคำ,"1,884.00",522,"2,406.00","633,950.00"
กุฉินารายณ์,"35,991.75","12,139.00","48,130.75","2,299,695.00"
มะขาม,0,20,20,0
เขาวง,"2,338.50",748,"3,086.50","960,010.00"
มะขาม,26,17,43,"2,000.00"
ยางตลาด,"1,404.00","1,807.00","3,211.00","14,550.00"
ห้วยเม็ก,"5,346.00","5,494.00","10,840.00","1,331,002.50"
สหัสขันธ์,"7,402.25","8,981.00","16,383.25","112,755.00"
คำม่วง,"12,430.00","6,374.00","18,804.00","199,700.00"
ท่าคันโท,"11,043.00","11,312.00","22,355.00","628,575.00"
หนองกุงศรี,"6,366.00","16,595.25","22,961.25","1,346,700.00"
มะขาม,5,5,10,"1,000.00"
สมเด็จ,"6,306.00","5,398.00","11,704.00","27,468.00"
ห้วยผึ้ง,"4,876.00","8,554.00","13,430.00","2,000.00"
สามชัย,"6,155.00","7,189.53","13,344.53","925,550.00"
นาคู,"3,942.40","4,972.47","8,914.87","1,427,324.60"
มะขาม,40,26,66,"24,811.00"
ดอนจาน,"5,051.00","6,733.50","11,784.50","2,600.00"
ฆ้องชัย,4,70,74,0
เมืองกำแพงเพชร,"23,763.00","15,605.75","39,368.75","12,402,246.00"
ไทรงาม,"2,901.00",197,"3,098.00","8,330,751.38"
คลองลาน,"3,873.00","10,755.00","14,628.00","1,030,000.00"
มะขาม,100,25,125,0
ขาณุวรลักษบุรี,"4,920.00","18,981.00","23,901.00","5,787,700.00"
สะเดา,0,"1,250.00","1,250.00",0
คลองขลุง,"5,284.25","4,015.75","9,300.00","2,000.00"
สะเดา,12,111,123,0
พรานกระต่าย,"4,449.00","28,981.00","33,430.00",0
ลานกระบือ,"1,352.50",454,"1,806.50","77,930.00"
ทรายทองวัฒนา,"1,671.00",665,"2,336.00","4,247,299.85"
ปางศิลาทอง,"4,315.00","3,668.00","7,983.00","1,986,815.87"
บึงสามัคคี,"6,471.00","1,255.00","7,726.00","19,589,521.00"
สะเดา,0,20,20,0
โกสัมพีนคร,"3,509.00",220,"3,729.00","2,892,936.15"
เมืองขอนแก่น,"3,534.00","3,086.00","6,620.00","7,047,180.00"
บ้านฝาง,"1,291.00","1,600.00","2,891.00","873,365.00"
มะขาม,0,14,14,0
พระยืน,486.25,454.25,940.5,"430,250.00"
มะขาม,9,97,106,0
หนองเรือ,894.75,"1,998.75","2,893.50",0
ชุมแพ,"4,403.50","9,438.50","13,842.00","17,599,100.00"
มะขาม,862,"2,003.00","2,865.00","912,300.00"
สีชมพู,"3,589.25","3,128.00","6,717.25","2,320,071.50"
มะขาม,5,34,39,450
น้ำพอง,"5,467.00","5,869.00","11,336.00","7,251,769.00"
อุบลรัตน์,"2,404.00","4,738.00","7,142.00","1,562,982.00"
กระนวน,"38,213.83","11,982.25","50,196.08","48,504,317.80"
บ้านไผ่,"2,711.00","1,654.00","4,365.00","8,778,220.00"
เปือยน้อย,392,526,918,"244,770.00"
พล,"1,062.00",497,"1,559.00","376,390.00"
แวงใหญ่,"2,499.00","1,374.00","3,873.00","7,446,664.00"
แวงน้อย,"1,705.00",303,"2,008.00","9,995,200.00"
หนองสองห้อง,"2,252.50","1,643.00","3,895.50","631,200.00"
มะขาม,10,0,10,0
ภูเวียง,"1,364.00","3,957.00","5,321.00",650
มะขาม,88,248,336,0
มัญจาคีรี,"1,278.25","2,295.00","3,573.25","821,079.14"
ชนบท,"4,315.00","7,527.75","11,842.75","230,500.00"
สะเดา,0,62,62,0
เขาสวนกวาง,"3,810.75","3,490.00","7,300.75","448,425.00"
ภูผาม่าน,"2,011.75","4,211.58","6,223.33","4,183,144.00"
มะขาม,0,414,414,0
ซำสูง,"3,216.50","5,335.00","8,551.50","759,563.77"
โคกโพธิ์ไชย,338,576,914,0
หนองนาคำ,480,93,573,0
บ้านแฮด,"1,792.00",440,"2,232.00","671,740.00"
มะขาม,10,0,10,0
โนนศิลา,5,109,114,0
เวียงเก่า,356,553,909,0
เมืองจันทบุรี,"56,492.00","5,515.00","62,007.00","34,169,450.00"
ขลุง,"108,362.00","11,487.00","119,849.00","128,249,760.00"
ท่าใหม่,"169,735.00","14,191.00","183,926.00","210,807,624.76"
โป่งน้ำร้อน,"257,324.00","54,946.00","312,270.00","168,953,150.00"
มะขาม,102,277,379,"69,100.00"
มะขาม,"128,463.50","23,299.00","151,762.50","106,590,285.50"
แหลมสิงห์,"7,212.45",881.01,"8,093.46","6,687,502.50"
สอยดาว,"158,810.00","17,152.00","175,962.00","348,713,522.72"
มะขาม,461,80,541,"175,292.00"
แก่งหางแมว,"212,627.98","28,662.06","241,290.04","48,130,799.50"
นายายอาม,"69,092.00","14,813.00","83,905.00","55,496,349.00"
เขาคิชฌกูฏ,"119,620.50","11,394.00","131,014.50","32,233,475.00"
เมืองฉะเชิงเทรา,"9,463.25","2,681.00","12,144.25","12,110,648.00"
บางคล้า,"12,863.75","3,202.00","16,065.75","22,051,130.00"
มะขาม,17,0,17,0
สะเดา,30,0,30,0
บางน้ำเปรี้ยว,"3,850.69",87,"3,937.69","3,348,414.00"
บางปะกง,695.75,200.5,896.25,"405,042.50"
มะขาม,9,9,18,185
บ้านโพธิ์,990,526,"1,516.00","9,955,000.00"
พนมสารคาม,"10,959.00","3,784.00","14,743.00","23,789,669.71"
ราชสาส์น,"1,390.00",730,"2,120.00","866,300.00"
สนามชัยเขต,"63,981.00","31,662.71","95,643.71",0
แปลงยาว,"26,598.00","5,688.00","32,286.00","39,571,910.31"
ท่าตะเกียบ,"86,674.25","34,930.75","121,605.00","21,375,545.00"
มะขาม,15,36.5,51.5,"3,200.00"
คลองเขื่อน,"5,734.00","1,897.00","7,631.00","6,568,272.00"
เมืองชลบุรี,820,"2,253.87","3,073.87","113,070.00"
บ้านบึง,"43,359.00","58,498.00","101,857.00","17,500.00"
สะเดา,0,"4,534.00","4,534.00",0
หนองใหญ่,"73,477.00","31,068.00","104,545.00","132,710,151.00"
บางละมุง,"18,438.00","1,443.00","19,881.00","7,243,833.00"
พานทอง,"1,552.00",163,"1,715.00","837,224.03"
พนัสนิคม,"8,702.50","9,992.00","18,694.50","2,742,060.00"
ศรีราชา,"30,968.00","4,842.00","35,810.00",0
เกาะสีชัง,0.5,0,0.5,0
สัตหีบ,"14,273.00","5,455.25","19,728.25","2,047,321.22"
บ่อทอง,"118,748.00","109,518.00","228,266.00","51,874,249.16"
เกาะจันทร์,"24,714.00","30,526.00","55,240.00","58,669,800.00"
เมืองชัยนาท,"3,829.75","3,680.00","7,509.75","1,199,940.00"
มะขาม,4,4,8,450
มโนรมย์,"2,179.25","1,232.00","3,411.25","1,494,029.00"
วัดสิงห์,589.45,"1,029.30","1,618.75","445,995.00"
สรรพยา,"1,529.00",278,"1,807.00","8,389,280.00"
สรรคบุรี,"1,431.00",146,"1,577.00","1,054,060.00"
หันคา,"2,672.75","3,164.25","5,837.00","2,261,421.33"
หนองมะโมง,592,350,942,"1,595,200.00"
เนินขาม,"1,219.70",345.8,"1,565.50",900
เมืองชัยภูมิ,"13,683.25","25,914.75","39,598.00",0
บ้านเขว้า,"2,062.00",680,"2,742.00",0
คอนสวรรค์,"1,935.00",599,"2,534.00","494,447.00"
เกษตรสมบูรณ์,"15,291.00","2,303.00","17,594.00","1,598,158.50"
มะขาม,12,0,12,"7,500.00"
หนองบัวแดง,"18,524.00","7,222.00","25,746.00","4,781,120.00"
มะขาม,183,0,183,200
จัตุรัส,661,347,"1,008.00",0
มะขาม,26,17,43,0
บำเหน็จณรงค์,0,24,24,0
หนองบัวระเหว,"1,447.00","2,786.00","4,233.00","2,500.00"
มะขาม,40,8,48,"1,000.00"
เทพสถิต,"5,767.00","7,646.00","13,413.00",0
ภูเขียว,"4,162.00","8,598.00","12,760.00","961,420.00"
มะขาม,10,10,20,0
บ้านแท่น,"3,214.25","2,283.75","5,498.00","773,874.88"
แก้งคร้อ,"3,047.00","4,041.75","7,088.75","27,500.00"
คอนสาร,"22,173.70","12,272.72","34,446.42","16,675,202.75"
มะขาม,566,51,617,"438,750.00"
ภักดีชุมพล,"19,650.13","9,229.13","28,879.26","8,903,713.03"
มะขาม,"11,761.13","8,010.13","19,771.26","6,727,165.00"
เนินสง่า,678,851,"1,529.00",840
ซับใหญ่,762,508,"1,270.00","76,646.00"
เมืองชุมพร,"355,307.00","50,104.00","405,411.00","328,924,684.00"
ท่าแซะ,"362,330.00","93,062.00","455,392.00","500,709,947.50"
ปะทิว,"313,958.00","80,594.00","394,552.00","395,356,097.00"
หลังสวน,"198,806.60",217,"199,023.60","196,909,161.50"
ละแม,"124,094.75","11,468.75","135,563.50","166,399,019.08"
พะโต๊ะ,"116,193.00","48,099.00","164,292.00","98,347,328.72"
สวี,"236,496.00","113,367.00","349,863.00","194,697,820.00"
ทุ่งตะโก,"116,230.00","13,854.00","130,084.00","90,758,804.00"
เมืองเชียงราย,"61,835.00","13,307.00","75,142.00","14,966,266.33"
มะขาม,198,0,198,"79,200.00"
เวียงชัย,"10,122.25","10,845.00","20,967.25","30,490,267.00"
เชียงของ,"35,265.00","26,881.00","62,146.00","11,755,542.50"
เทิง,"54,232.50","25,550.00","79,782.50","14,342,850.00"
มะขาม,19,4,23,0
พาน,"26,185.00","4,582.75","30,767.75","8,664,450.00"
ป่าแดด,"31,620.00","35,166.00","66,786.00","19,131,500.00"
แม่จัน,"8,567.75","3,599.00","12,166.75","1,022,476.50"
เชียงแสน,"14,428.00","6,429.00","20,857.00","1,000,000.00"
แม่สาย,"1,986.25","8,612.00","10,598.25","2,499,685.99"
แม่สรวย,"107,959.79","35,898.75","143,858.54","76,761,980.00"
เวียงป่าเป้า,"31,662.75","12,833.25","44,496.00","17,889,820.00"
พญาเม็งราย,"35,366.00","15,174.00","50,540.00","17,900,500.00"
มะขาม,112,0,112,"4,000.00"
เวียงแก่น,"27,185.00","7,792.00","34,977.00","36,609,409.00"
ขุนตาล,"6,915.00","1,236.00","8,151.00","2,772,210.00"
แม่ฟ้าหลวง,"107,406.40","29,392.00","136,798.40","14,020,880.00"
แม่ลาว,"3,985.00","3,778.00","7,763.00","6,841,611.50"
เวียงเชียงรุ้ง,"14,622.00","5,005.00","19,627.00","2,200,824.00"
ดอยหลวง,"17,317.20","8,762.20","26,079.40","143,600.00"
เมืองเชียงใหม่,"2,442.75",136,"2,578.75","584,444.00"
จอมทอง,"56,790.00","4,652.00","61,442.00","34,232,240.00"
แม่แจ่ม,"2,911.25","1,368.50","4,279.75","333,200.00"
มะขาม,57,0,57,0
เชียงดาว,"46,349.00",796,"47,145.00","37,518,100.00"
ดอยสะเก็ด,"15,549.25",801,"16,350.25","4,035,545.00"
มะขาม,50,0,50,0
แม่แตง,"49,314.00","2,757.00","52,071.00","32,649,970.00"
มะขาม,34,30,64,0
แม่ริม,"8,222.00","2,524.75","10,746.75","2,568,900.00"
มะขาม,40,0,40,"29,000.00"
สะเมิง,"3,248.00","1,242.25","4,490.25","4,248,550.00"
ฝาง,"57,009.00","8,837.00","65,846.00","65,367,340.00"
แม่อาย,"27,746.00","1,052.00","28,798.00","28,173,830.00"
พร้าว,"48,581.00","3,900.00","52,481.00","40,012,878.00"
สันป่าตอง,"26,270.25","1,148.75","27,419.00","15,800,709.00"
สันกำแพง,"2,854.00",722,"3,576.00","2,485,280.00"
สันทราย,"9,824.25",910.5,"10,734.75","2,036,137.50"
มะขาม,1,0,1,600
หางดง,"14,820.00","2,575.00","17,395.00","7,516,443.50"
ฮอด,"18,560.50","3,087.50","21,648.00","1,099,600.00"
ดอยเต่า,"36,408.00","6,305.00","42,713.00","9,233,980.00"
อมก๋อย,"1,428.00","9,800.00","11,228.00","156,618.00"
สารภี,"26,541.00","4,191.00","30,732.00","20,460,800.00"
เวียงแหง,"4,112.00","1,131.00","5,243.00","942,576.00"
ไชยปราการ,"30,681.00","1,110.00","31,791.00","10,061,721.00"
มะขาม,60,0,60,0
แม่วาง,"20,576.00",121,"20,697.00","17,324,800.00"
แม่ออน,"9,951.25",0,"9,951.25","26,710,191.00"
มะขาม,27,0,27,"14,850.00"
ดอยหล่อ,"23,865.50",122,"23,987.50","24,461,000.00"
กัลยาณิวัฒนา,"2,179.00",0,"2,179.00","332,500.00"
เมืองตรัง,"156,945.00","20,602.00","177,547.00","388,231,714.57"
กันตัง,"147,436.50","19,198.00","166,634.50",0
ย่านตาขาว,"135,849.00","35,589.00","171,438.00","128,227,255.00"
ปะเหลียน,"245,628.00","62,326.00","307,954.00",0
สิเกา,"160,017.00","26,255.75","186,272.75","1,657,286,107.17"
ห้วยยอด,"289,533.25","14,712.00","304,245.25","99,058,349.16"
วังวิเศษ,"207,667.00","40,763.00","248,430.00","4,226,691.50"
นาโยง,"41,928.80",876.22,"42,805.02","6,395,850.39"
รัษฎา,"79,611.00","7,598.00","87,209.00",0
หาดสำราญ,"41,740.00","9,210.00","50,950.00","44,843,098.74"
เมืองตราด,"145,522.00","29,895.00","175,417.00","46,465,151.00"
คลองใหญ่,"3,314.00","2,516.00","5,830.00","2,600,219.04"
เขาสมิง,"186,719.25","29,850.50","216,569.75","177,294,164.15"
บ่อไร่,"97,008.00","10,157.00","107,165.00","128,319,006.00"
แหลมงอบ,"41,419.00","4,460.00","45,879.00","119,419,224.00"
เกาะกูด,"17,772.00",624,"18,396.00","853,570.00"
เกาะช้าง,"11,589.00",62,"11,651.00",0
เมืองตาก,"9,292.00","2,393.00","11,685.00","4,051,810.00"
มะขาม,23,23,46,"11,500.00"
บ้านตาก,"22,460.00","1,393.50","23,853.50",0
มะขาม,40,20,60,0
สามเงา,"11,223.00","16,106.00","27,329.00","8,411,646.00"
แม่ระมาด,"2,855.00","1,935.00","4,790.00","4,247,905.00"
มะขาม,34,0,34,"3,400.00"
ท่าสองยาง,"2,751.00","2,012.00","4,763.00",0
แม่สอด,"5,442.50","2,034.75","7,477.25","1,396,301.00"
มะขาม,235,0,235,0
พบพระ,"5,138.09","7,749.57","12,887.66","4,913,411.00"
มะขาม,5,2,7,0
อุ้มผาง,"3,505.00","5,311.00","8,816.00",0
วังเจ้า,"11,894.00","4,911.05","16,805.05",0
เมืองนครนายก,"11,345.50","1,625.75","12,971.25","23,947,773.08"
ปากพลี,"3,709.00",589,"4,298.00","987,500.00"
บ้านนา,"9,015.00","2,444.75","11,459.75","389,515.00"
องครักษ์,737,"2,636.00","3,373.00",0
เมืองนครปฐม,"2,671.75",716.75,"3,388.50","13,492,235.00"
มะขาม,6,0,6,"8,500.00"
กำแพงแสน,"1,183.75",921.75,"2,105.50","5,602,235.00"
นครชัยศรี,"4,526.75","2,188.00","6,714.75","15,294,473.04"
ดอนตูม,"3,026.00",420,"3,446.00","3,481,430.00"
บางเลน,"3,063.63",797.88,"3,861.51","7,691,702.00"
สามพราน,"27,909.44","7,097.93","35,007.37","74,233,228.00"
พุทธมณฑล,625.9,247.5,873.4,"2,345,805.00"
เมืองนครพนม,"13,999.68","14,790.32","28,790.00","344,681.48"
มะขาม,3,16,19,0
ปลาปาก,"2,825.07","4,452.14","7,277.21",0
ท่าอุเทน,"35,137.00","13,997.42","49,134.42","5,591,817.00"
บ้านแพง,"26,270.00","11,519.00","37,789.00","44,211,672.54"
ธาตุพนม,"16,608.00","12,160.50","28,768.50","2,275,870.50"
มะขาม,33,63,96,"10,200.00"
เรณูนคร,"2,187.00","4,173.80","6,360.80","3,139,517.50"
มะขาม,5,0,5,"20,500.00"
นาแก,"14,594.50","30,471.50","45,066.00","11,267,793.50"
ศรีสงคราม,"61,063.75","16,858.75","77,922.50","14,143,697.75"
นาหว้า,"2,203.00","4,590.50","6,793.50","1,471,866.06"
โพนสวรรค์,"21,365.00","22,514.00","43,879.00","5,277,327.19"
นาทม,"31,570.00","12,965.00","44,535.00","6,020,150.00"
วังยาง,"1,933.00",720,"2,653.00","176,176.97"
เมืองนครราชสีมา,"2,235.00",173,"2,408.00","421,020.00"
ครบุรี,708,"11,092.00","11,800.00","6,000.00"
เสิงสาง,"6,398.00","19,959.00","26,357.00","4,338,832.50"
คง,118,479,597,"132,820.00"
บ้านเหลื่อม,237,"1,013.00","1,250.00","107,550.00"
จักราช,"1,171.00",797,"1,968.00","14,650.00"
โชคชัย,781,797,"1,578.00","1,027,788.00"
ด่านขุนทด,"1,353.00",829,"2,182.00","5,000.00"
มะขาม,25,0,25,0
โนนไทย,"1,944.00",962,"2,906.00","534,800.00"
โนนสูง,738,607,"1,345.00",0
มะขาม,92,0,92,0
ขามสะแกแสง,295,241,536,0
บัวใหญ่,133,99,232,"12,150.00"
ประทาย,553,110,663,"48,400.00"
ปักธงชัย,"13,930.00","5,497.00","19,427.00","4,036,050.00"
มะขาม,"1,055.00",25,"1,080.00","350,000.00"
สะเดา,0,"1,505.00","1,505.00",0
พิมาย,"2,571.00","1,793.00","4,364.00",0
ห้วยแถลง,105.5,"1,494.25","1,599.75",0
ชุมพวง,"4,515.75","13,866.75","18,382.50","5,234,904.98"
สูงเนิน,"3,331.00","4,984.00","8,315.00","204,360.08"
มะขาม,55,0,55,0
สะเดา,0,224,224,0
ขามทะเลสอ,325,287,612,0
สีคิ้ว,"3,983.00","4,609.00","8,592.00","1,724,449.92"
ปากช่อง,"44,782.00","8,542.28","53,324.28","502,100.00"
มะขาม,"1,212.00",0,"1,212.00","2,500.00"
หนองบุญมาก,"2,904.00",944,"3,848.00","79,700.00"
แก้งสนามนาง,376,10,386,800
โนนแดง,265,58,323,"29,460.00"
วังน้ำเขียว,"3,498.00","7,497.00","10,995.00",0
มะขาม,0,257,257,0
เทพารักษ์,338,184,522,"66,700.00"
เมืองยาง,397.25,439,836.25,"17,030.00"
พระทองคำ,96,248,344,"30,500.00"
ลำทะเมนชัย,10,"1,801.00","1,811.00","14,500.00"
บัวลาย,870.5,531,"1,401.50","156,514.00"
เฉลิมพระเกียรติ,"1,686.00",734,"2,420.00","3,177,300.00"
มะขาม,90,0,90,"45,000.00"
เมืองนครศรีธรรมราช,"82,114.84","10,276.75","92,391.59","76,294,630.00"
พรหมคีรี,"167,632.50","4,823.00","172,455.50","19,654,086.00"
ลานสกา,"69,058.00","7,805.00","76,863.00","9,449,388.00"
ฉวาง,"124,343.02","15,788.89","140,131.91","38,615,452.65"
พิปูน,"85,899.50","21,143.00","107,042.50","27,581,878.36"
สะเดา,51,51,102,0
เชียรใหญ่,"71,517.00","11,007.00","82,524.00",0
ชะอวด,"148,053.00","4,646.00","152,699.00","455,233,217.50"
ท่าศาลา,"187,210.00","33,806.00","221,016.00","13,257,629.00"
ทุ่งสง,"155,243.00","36,772.00","192,015.00","34,226,148.87"
นาบอน,"58,718.00","22,486.00","81,204.00","26,869,175.05"
ทุ่งใหญ่,"174,726.25","22,772.50","197,498.75","5,955,139.08"
ปากพนัง,"73,473.00","27,861.54","101,334.54","354,792,062.09"
ร่อนพิบูลย์,"65,857.00","26,061.00","91,918.00","423,686,430.50"
สิชล,"180,674.81","88,885.63","269,560.44","166,298,129.96"
ขนอม,"65,317.50","28,624.00","93,941.50","32,891,661.00"
หัวไทร,"50,447.50","30,852.75","81,300.25","648,454,328.49"
บางขัน,"159,002.63","27,871.37","186,874.00","324,647,245.65"
ถ้ำพรรณรา,"111,741.00","3,163.00","114,904.00","25,542,119.15"
จุฬาภรณ์,"42,544.00","12,993.00","55,537.00","28,155,000.00"
พระพรหม,"28,396.00","9,447.00","37,843.00","145,128,807.05"
นบพิตำ,"135,627.00","5,232.00","140,859.00","23,954,430.00"
ช้างกลาง,"86,513.25","7,677.00","94,190.25","131,123,619.03"
สะเดา,22,18,40,0
เฉลิมพระเกียรติ,"27,993.00","17,097.00","45,090.00","426,279,940.00"
เมืองนครสวรรค์,"4,593.00","5,022.50","9,615.50","7,417,904.03"
โกรกพระ,"1,393.00","1,266.00","2,659.00","291,500.00"
ชุมแสง,"1,304.00","1,263.00","2,567.00","88,500.00"
สะเดา,0,80,80,0
หนองบัว,603,"3,357.00","3,960.00",0
บรรพตพิสัย,"2,845.75","1,737.75","4,583.50","3,654,057.34"
เก้าเลี้ยว,"1,020.00",35,"1,055.00","443,865.00"
ตาคลี,"4,681.00","2,233.00","6,914.00","17,853,085.04"
ท่าตะโก,253,187,440,"3,500.00"
ไพศาลี,482,235,717,"371,174.00"
พยุหะคีรี,"2,737.00","4,261.00","6,998.00","6,622,348.00"
ลาดยาว,"2,094.00","3,070.75","5,164.75","1,102,495.08"
ตากฟ้า,959,"1,685.25","2,644.25","261,720.00"
แม่วงก์,"5,887.20",937,"6,824.20","3,805,557.99"
แม่เปิน,"1,727.40",87.2,"1,814.60","1,060,150.00"
สะเดา,32,13,45,0
ชุมตาบง,466,959,"1,425.00","74,000.00"
เมืองนนทบุรี,659.82,"2,309.88","2,969.70","97,514.50"
บางกรวย,"1,455.00","1,462.00","2,917.00","975,040.50"
บางใหญ่,"1,452.30","1,786.00","3,238.30","9,270.00"
บางบัวทอง,553.55,338.5,892.05,"480,250.00"
ไทรน้อย,"1,611.00",298,"1,909.00","1,406,770.00"
ปากเกร็ด,"1,048.08","1,961.73","3,009.81","1,841,166.45"
เมืองนราธิวาส,"63,917.00","10,426.00","74,343.00","33,957,348.97"
ตากใบ,"102,942.31","7,511.96","110,454.27","28,176,381.90"
บาเจาะ,"35,302.00","10,416.00","45,718.00","14,814,437.27"
ยี่งอ,"52,031.00","7,424.00","59,455.00","22,643,787.00"
ระแงะ,"96,317.86","16,829.17","113,147.03","15,310,021.57"
รือเสาะ,"159,335.00","18,858.00","178,193.00","26,196,271.50"
ศรีสาคร,"162,623.50","27,225.00","189,848.50","4,889,306.50"
แว้ง,"108,986.00","1,492.00","110,478.00","23,853,093.95"
สุคิริน,"65,287.00","5,528.60","70,815.60","39,390,187.88"
สุไหงโก-ลก,"22,949.00","2,987.00","25,936.00","7,664,578.19"
สุไหงปาดี,"95,717.00","14,619.00","110,336.00","20,447,200.38"
จะแนะ,"115,316.50","58,399.00","173,715.50","68,474,110.16"
เจาะไอร้อง,"50,791.00","6,968.00","57,759.00","137,282,115.00"
เมืองน่าน,"42,339.75","17,586.75","59,926.50","1,630,237.00"
มะขาม,404,20,424,"2,180.00"
บ้านหลวง,"29,048.00","34,997.00","64,045.00","12,823,240.00"
มะขาม,"2,838.00",0,"2,838.00","4,268,240.00"
นาน้อย,"51,784.25","41,675.75","93,460.00","11,384,939.00"
มะขาม,"1,192.00",673,"1,865.00","501,806.00"
ท่าวังผา,15,"75,304.50","75,319.50",0
บ่อเกลือ,"3,093.17","5,037.97","8,131.14","235,600.00"
มะขาม,13,30.5,43.5,"1,000.00"
บึงกาฬ,"730,771.75","172,191.75","902,963.50","326,825,947.78"
พรเจริญ,"70,439.00","12,176.00","82,615.00","49,286,875.00"
โซ่พิสัย,"134,544.00","31,636.00","166,180.00","148,729,735.00"
เซกา,"137,753.50","35,310.00","173,063.50","32,867,863.50"
ปากคาด,"62,730.00","12,218.00","74,948.00","19,863,168.25"
บึงโขงหลง,"69,416.25","12,679.50","82,095.75","16,690,183.03"
มะขาม,4,2,6,0
ศรีวิไล,"53,533.25","32,097.00","85,630.25","17,681,768.00"
บุ่งคล้า,"26,235.00","7,900.00","34,135.00","4,085,400.00"
เมืองบุรีรัมย์,"2,624.50","2,309.75","4,934.25","2,026,757.50"
มะขาม,0,8,8,0
คูเมือง,"19,245.00","16,895.00","36,140.00","4,340,943.00"
กระสัง,"1,598.75",877.5,"2,476.25","4,171,555.00"
นางรอง,"2,704.55","2,418.55","5,123.10","382,731.50"
หนองกี่,"7,321.00","5,390.00","12,711.00","4,377,396.00"
ละหานทราย,"44,911.48","21,701.68","66,613.16","31,543,846.10"
ประโคนชัย,"10,584.24","6,104.00","16,688.24","137,315.60"
บ้านกรวด,"56,441.00","6,568.00","63,009.00","74,739,305.00"
มะขาม,18,0,18,0
พุทไธสง,993,505.75,"1,498.75","558,214.67"
ลำปลายมาศ,"8,413.30","8,343.00","16,756.30","5,694,090.50"
สตึก,"39,059.03","9,973.25","49,032.28","15,638,109.53"
ปะคำ,"3,111.00","10,988.00","14,099.00","2,061,950.00"
มะขาม,23,23,46,"7,500.00"
นาโพธิ์,283,438.5,721.5,"78,925.00"
หนองหงส์,790,637,"1,427.00","328,700.00"
พลับพลาชัย,"1,569.00",824.5,"2,393.50","1,950,532.00"
ห้วยราช,365,837,"1,202.00","22,876.00"
โนนสุวรรณ,"18,529.00","15,862.00","34,391.00","2,388,745.50"
ชำนิ,"1,602.00","1,513.00","3,115.00","510,000.00"
บ้านใหม่ไชยพจน์,782,856,"1,638.00","1,255,582.27"
โนนดินแดง,"13,824.00","2,164.00","15,988.00","6,055,846.00"
บ้านด่าน,"5,154.00","5,738.00","10,892.00","49,168,755.00"
แคนดง,"16,522.50","8,199.00","24,721.50","30,953,268.00"
เฉลิมพระเกียรติ,386,230,616,"51,670.00"
เมืองปทุมธานี,"1,195.00",66.5,"1,261.50","8,760,300.00"
คลองหลวง,"2,520.75",377,"2,897.75","7,762,968.75"
มะขาม,0.5,45,45.5,0
สะเดา,5.5,0,5.5,0
ธัญบุรี,"6,094.57","4,761.07","10,855.64","21,638,742.21"
สะเดา,2,1,3,240
หนองเสือ,"18,966.25","16,595.50","35,561.75","87,763,464.02"
ลาดหลุมแก้ว,"1,910.00",651,"2,561.00","6,383,560.00"
สะเดา,3,0,3,"2,400.00"
ลำลูกกา,"1,281.25",655.75,"1,937.00","3,614,462.00"
สามโคก,"3,611.75","1,247.00","4,858.75","5,744,244.18"
เมืองประจวบคีรีขันธ์,"79,157.00","24,626.00","103,783.00","77,116,673.00"
กุยบุรี,"35,087.50","20,635.00","55,722.50","34,529,420.00"
ทับสะแก,"141,879.00","16,456.00","158,335.00","128,920,267.19"
บางสะพาน,"187,569.98","25,378.03","212,948.01","192,691,211.20"
บางสะพานน้อย,"509,593.00","43,146.00","552,739.00","365,376,051.26"
ปราณบุรี,"34,050.00","17,798.75","51,848.75","59,868,514.67"
มะขาม,28,10,38,"30,800.00"
สะเดา,0,12,12,0
หัวหิน,"35,646.00","22,044.00","57,690.00","35,494,609.66"
มะขาม,0,16,16,0
สามร้อยยอด,"60,534.00","15,664.00","76,198.00","88,271,035.41"
เมืองปราจีนบุรี,"28,998.00","6,158.00","35,156.00","1,591,400.00"
สะเดา,35,0,35,0
กบินทร์บุรี,"8,109.00","30,540.00","38,649.00","21,545,100.00"
นาดี,"13,459.00","15,493.00","28,952.00","15,742,614.85"
มะขาม,27,0,27,"5,400.00"
บ้านสร้าง,"1,313.00",830,"2,143.00","2,967,318.00"
ประจันตคาม,"12,464.88","7,253.00","19,717.88","476,075.00"
ศรีมหาโพธิ,"3,860.00","1,466.00","5,326.00","5,928,480.00"
ศรีมโหสถ,784,632,"1,416.00","1,127,962.00"
เมืองปัตตานี,"1,950.39",17,"1,967.39",0
ทุ่งยางแดง,441.5,123,564.5,"161,600.00"
กะพ้อ,"20,823.44","1,465.75","22,289.19","352,452.00"
พระนครศรีอยุธยา,"4,319.50","10,883.50","15,203.00","4,551,099.75"
พระนครศรีอยุธยา,2,223.5,225.5,0
ท่าเรือ,399.5,316,715.5,"2,902,727.00"
นครหลวง,166.75,57.75,224.5,"47,914.50"
บางไทร,549.25,"3,162.00","3,711.25",120
บางบาล,0,"1,961.50","1,961.50",0
บางปะอิน,170,853,"1,023.00",0
บางปะหัน,284.5,156.25,440.75,"132,482.75"
ผักไห่,795,457,"1,252.00","160,301.00"
ภาชี,0,185,185,0
ลาดบัวหลวง,620,"1,199.50","1,819.50","673,700.00"
วังน้อย,324.25,335,659.25,"383,612.50"
เสนา,125,341,466,0
บางซ้าย,527.25,686.5,"1,213.75","205,372.00"
อุทัย,185.5,113.5,299,"39,850.00"
มหาราช,110.5,375,485.5,"5,020.00"
บ้านแพรก,60,461,521,0
เมืองพะเยา,"22,831.25","9,081.25","31,912.50","2,139,897.00"
มะขาม,189,0,189,0
จุน,"14,046.00","12,817.00","26,863.00","3,537,720.00"
เชียงคำ,"47,282.50","36,781.75","84,064.25","27,593,800.00"
มะขาม,79,0,79,0
เชียงม่วน,"13,818.50","3,226.00","17,044.50",0
มะขาม,"1,732.00",920,"2,652.00",0
ดอกคำใต้,"14,711.00","2,274.50","16,985.50","3,888,899.00"
มะขาม,800,0,800,"261,193.00"
ปง,"25,524.00","15,257.00","40,781.00","18,965,749.00"
มะขาม,264,94,358,"54,900.00"
แม่ใจ,"13,897.00","4,746.75","18,643.75","4,009,000.00"
ภูซาง,"57,612.00","8,829.00","66,441.00","104,033,500.00"
ภูกามยาว,"3,147.00","5,202.00","8,349.00","483,950.00"
มะขาม,185,0,185,0
เมืองพังงา,"78,312.00","15,325.50","93,637.50","85,322,174.13"
เกาะยาว,"13,849.00","4,614.00","18,463.00","575,878.50"
กะปง,"129,433.00","53,574.00","183,007.00","429,053,002.00"
ตะกั่วทุ่ง,"181,205.00","21,837.00","203,042.00","36,823,002.31"
ตะกั่วป่า,"80,182.50","34,844.50","115,027.00","386,064,387.46"
คุระบุรี,"147,056.50","48,532.25","195,588.75","600,429,352.50"
ทับปุด,"77,810.59","16,341.39","94,151.98","131,010,662.84"
ท้ายเหมือง,"132,538.00","28,894.00","161,432.00","70,607,488.20"
เมืองพัทลุง,"61,534.75","16,338.25","77,873.00","27,614,926.90"
กงหรา,"81,133.00","34,486.00","115,619.00","4,937,443.25"
เขาชัยสน,"105,079.05","24,498.18","129,577.23","25,124,910.85"
ตะโหมด,"65,244.00","15,569.00","80,813.00","11,866,287.86"
ควนขนุน,"103,686.00","26,687.50","130,373.50","44,571,367.91"
ปากพะยูน,"76,457.25","36,124.75","112,582.00","45,146,922.58"
สะเดา,0,40,40,0
ศรีบรรพต,"80,257.00","27,003.00","107,260.00","17,230,486.61"
ป่าบอน,"178,434.10","10,963.00","189,397.10","47,966,682.09"
บางแก้ว,"48,024.00","10,363.00","58,387.00","18,028,892.95"
ศรีนครินทร์,"71,783.00","12,094.00","83,877.00","18,271,948.36"
เมืองพิจิตร,"8,967.50",761.5,"9,729.00","32,200.00"
วังทรายพูน,"1,239.00",596,"1,835.00","1,713,006.00"
โพธิ์ประทับช้าง,"5,870.75","6,278.25","12,149.00","13,620,000.00"
ตะพานหิน,"5,244.51","1,315.25","6,559.76","3,624,240.00"
มะขาม,1,0,1,0
บางมูลนาก,329,296,625,"2,100,034.00"
โพทะเล,"6,814.00","2,841.00","9,655.00","1,722,349.66"
สามง่าม,"1,049.00",366,"1,415.00",0
ทับคล้อ,481.5,993.5,"1,475.00","668,900.00"
สากเหล็ก,"17,682.75","6,842.50","24,525.25","3,569,110.00"
มะขาม,1,0,1,0
สะเดา,31,0,31,0
บึงนาราง,"8,948.00","1,220.00","10,168.00","2,301,640.00"
มะขาม,0,0,0,0
ดงเจริญ,812.25,"1,454.25","2,266.50","226,845.00"
มะขาม,0,2,2,0
สะเดา,7,4,11,0
วชิรบารมี,149.5,302,451.5,"5,000.00"
เมืองพิษณุโลก,"2,929.00","1,090.47","4,019.47","2,976,479.09"
มะขาม,0,20,20,0
นครไทย,"63,319.25","40,198.00","103,517.25","89,299,312.00"
มะขาม,788,"1,033.00","1,821.00","1,608,500.00"
ชาติตระการ,"22,280.00","17,719.00","39,999.00","35,400.00"
มะขาม,"1,034.00",894.5,"1,928.50",0
สะเดา,0,9,9,0
บางระกำ,"8,231.00","5,643.50","13,874.50",0
มะขาม,0,2,2,0
บางกระทุ่ม,"3,482.00","4,861.75","8,343.75",0
พรหมพิราม,"4,757.50",810.75,"5,568.25",100
มะขาม,0,23,23,0
วัดโบสถ์,"12,765.56",14.5,"12,780.06",0
วังทอง,"46,555.50","46,263.05","92,818.55","10,974,500.00"
มะขาม,65,0,65,"28,000.00"
เนินมะปราง,"74,209.00","15,501.00","89,710.00","4,126,500.00"
มะขาม,424,372,796,0
สะเดา,1,6,7,0
เมืองเพชรบุรี,"1,696.50","1,031.00","2,727.50","2,402,360.00"
เขาย้อย,"2,076.70",668.95,"2,745.65","838,062.00"
หนองหญ้าปล้อง,"10,441.00","6,094.00","16,535.00","37,129,348.00"
สะเดา,62,62,124,"2,400.00"
ชะอำ,"11,960.36","4,572.00","16,532.36","13,918,236.00"
ท่ายาง,"55,119.00","49,395.50","104,514.50","334,104,654.59"
บ้านลาด,"8,147.00","1,217.00","9,364.00","17,606,532.01"
มะขาม,2,0,2,"22,000.00"
บ้านแหลม,"5,447.00",23,"5,470.00","1,766,550.00"
แก่งกระจาน,"27,896.00","30,096.00","57,992.00","10,723,289.53"
มะขาม,40,57,97,"6,000.00"
สะเดา,19,342,361,0
เมืองเพชรบูรณ์,"42,984.75","10,963.25","53,948.00","5,683,749.44"
มะขาม,"33,366.00",941.25,"34,307.25","3,142,460.00"
สะเดา,225.25,159,384.25,"1,000.00"
ชนแดน,"21,874.00","16,032.00","37,906.00","11,515,950.00"
มะขาม,"16,855.00","3,973.00","20,828.00","10,157,940.00"
สะเดา,0,3,3,0
หล่มสัก,"7,812.00","2,019.25","9,831.25","2,436,070.00"
มะขาม,"5,771.00",885,"6,656.00","1,034,390.00"
สะเดา,0,15,15,0
หล่มเก่า,"35,601.00","16,315.50","51,916.50","18,729,893.00"
มะขาม,"21,982.00","2,327.00","24,309.00","16,313,777.00"
วิเชียรบุรี,203,"9,449.82","9,652.82",0
มะขาม,0,11,11,0
ศรีเทพ,"3,879.00","3,229.50","7,108.50","4,494,000.00"
มะขาม,0,41,41,0
หนองไผ่,"42,517.00","21,086.50","63,603.50","88,438,840.93"
มะขาม,"4,970.00","4,692.50","9,662.50","1,794,100.00"
บึงสามพัน,"2,812.00","2,398.00","5,210.00","2,175,096.63"
มะขาม,335,23,358,"115,430.00"
น้ำหนาว,"22,418.00","21,886.00","44,304.00","14,133,048.00"
มะขาม,631,"1,390.00","2,021.00",0
วังโป่ง,"8,319.75","4,098.75","12,418.50","5,986,050.00"
มะขาม,"4,577.00",469,"5,046.00","3,803,100.00"
เขาค้อ,"7,403.00","4,344.50","11,747.50","5,328,445.00"
มะขาม,225,63,288,0
เมืองแพร่,"8,837.00","4,605.00","13,442.00","1,690,950.00"
มะขาม,143,198,341,0
ร้องกวาง,"6,834.75","14,542.00","21,376.75","296,990.00"
มะขาม,566,363,929,680
ลอง,"8,937.16","22,472.33","31,409.49","1,385,050.00"
สูงเม่น,932.5,"3,172.25","4,104.75","1,119,300.00"
มะขาม,247,86,333,"37,200.00"
เด่นชัย,"6,913.00","4,365.00","11,278.00","4,597,898.00"
มะขาม,140,0,140,"2,800.00"
สอง,"4,025.00","7,142.25","11,167.25","856,845.75"
มะขาม,415,47,462,"155,500.00"
วังชิ้น,"19,044.25","24,669.00","43,713.25","32,760,000.00"
มะขาม,2,59,61,0
หนองม่วงไข่,891,"1,922.75","2,813.75","244,058.00"
มะขาม,84,125,209,0
เมืองภูเก็ต,"13,432.50","1,697.90","15,130.40","4,759,833.50"
กะทู้,"9,307.24","2,194.00","11,501.24","3,556,166.33"
ถลาง,"54,759.50","9,340.45","64,099.95","21,471,315.00"
เมืองมหาสารคาม,0,147.75,147.75,0
แกดำ,819,341,"1,160.00","2,397,680.00"
โกสุมพิสัย,"3,278.00","2,466.25","5,744.25","54,532,278.50"
กันทรวิชัย,473.7,"1,288.00","1,761.70","44,000.00"
เชียงยืน,"1,375.25","1,460.00","2,835.25","312,162.50"
บรบือ,"4,257.11","1,570.75","5,827.86","10,316,258.00"
นาเชือก,40,"1,045.00","1,085.00","133,600.00"
พยัคฆภูมิพิสัย,181,189,370,"1,133,500.00"
วาปีปทุม,"2,438.50","1,888.25","4,326.75","351,489.00"
นาดูน,"1,461.25","1,410.25","2,871.50","434,030.00"
ยางสีสุราช,110,279,389,"300,000.00"
กุดรัง,125.25,353.5,478.75,"1,133.00"
ชื่นชม,164,555,719,"19,000.00"
เมืองมุกดาหาร,"58,873.25","10,333.00","69,206.25","16,481,968.00"
มะขาม,133,46,179,0
นิคมคำสร้อย,"36,188.00","10,025.00","46,213.00","98,080,822.20"
มะขาม,90,22,112,"68,380.00"
ดอนตาล,"20,006.00","18,653.50","38,659.50","261,144,841.50"
ดงหลวง,"37,661.00","37,540.00","75,201.00","8,742,717.00"
มะขาม,124,7,131,"25,500.00"
คำชะอี,"19,068.00","17,331.00","36,399.00","4,460,127.50"
หนองสูง,"5,273.75","5,543.50","10,817.25","417,780.50"
มะขาม,97,22,119,"2,700.00"
เมืองแม่ฮ่องสอน,899.2,"1,960.20","2,859.40",0
ขุนยวม,"3,034.50","1,305.00","4,339.50","6,225,535.00"
ปาย,706.5,746.25,"1,452.75","8,400.00"
แม่สะเรียง,"2,586.50","4,427.50","7,014.00","921,250.00"
มะขาม,13.5,0,13.5,0
แม่ลาน้อย,"2,203.00","2,309.50","4,512.50","203,980.00"
มะขาม,43,0,43,"2,500.00"
สบเมย,675,692.42,"1,367.42","60,600.00"
ปางมะผ้า,"1,757.50","3,738.25","5,495.75","526,550.00"
มะขาม,6,4,10,0
เมืองยโสธร,"18,134.50","12,472.00","30,606.50","2,177,073.15"
ทรายมูล,"5,330.00","3,132.25","8,462.25",0
กุดชุม,"6,642.00","7,557.00","14,199.00","233,350.00"
มะขาม,40,0,40,"20,000.00"
คำเขื่อนแก้ว,"3,199.25","3,728.50","6,927.75","777,362.49"
ป่าติ้ว,"6,291.50","3,472.25","9,763.75","1,795,750.00"
มหาชนะชัย,413,"1,432.00","1,845.00","218,570.00"
ค้อวัง,10,42,52,"3,020.00"
เลิงนกทา,"24,915.00","24,204.00","49,119.00","6,733,612.50"
ไทยเจริญ,"7,168.75","4,809.00","11,977.75","3,335,692.50"
เมืองยะลา,"57,561.40","15,394.00","72,955.40","38,804,091.25"
เบตง,"295,722.00","42,426.00","338,148.00","127,873,305.00"
ธารโต,"108,926.29","22,303.71","131,230.00","3,384,805.00"
ยะหา,"153,337.00","44,083.00","197,420.00","253,225,233.21"
รามัน,"160,204.00","18,391.50","178,595.50","45,270,855.00"
กาบัง,"110,654.00","16,336.00","126,990.00","5,063,688.06"
เมืองร้อยเอ็ด,188,385.25,573.25,0
เกษตรวิสัย,643,"2,665.50","3,308.50","384,542.50"
ปทุมรัตต์,143.5,607,750.5,"209,350.00"
จตุรพักตรพิมาน,616.2,"3,533.30","4,149.50","451,220.00"
ธวัชบุรี,112,631.25,743.25,"22,000.00"
พนมไพร,0,142.25,142.25,0
โพนทอง,"10,200.50","20,098.20","30,298.70","536,000.00"
โพธิ์ชัย,"14,045.75","10,920.00","24,965.75","9,568,365.00"
หนองพอก,"9,172.00","12,808.50","21,980.50","555,562.50"
มะขาม,5,0,5,0
เสลภูมิ,"1,903.00","1,057.00","2,960.00","3,500.00"
สุวรรณภูมิ,"7,783.25","12,052.00","19,835.25","16,805.00"
มะขาม,0,7,7,0
เมืองสรวง,52.25,650.75,703,"22,000.00"
โพนทราย,22.5,40,62.5,"177,000.00"
อาจสามารถ,292,"1,239.00","1,531.00","210,071.00"
เมยวดี,956,"1,710.75","2,666.75","81,357.50"
ศรีสมเด็จ,30,52.75,82.75,"3,000.00"
จังหาร,126,69.5,195.5,"18,524.17"
เชียงขวัญ,0,25.25,25.25,0
หนองฮี,18,531,549,0
ทุ่งเขาหลวง,0,478,478,0
เมืองระนอง,"74,402.00","22,191.00","96,593.00","24,447,468.90"
ละอุ่น,"86,826.00","14,034.00","100,860.00","25,029,709.02"
กะเปอร์,"52,540.00","14,701.00","67,241.00","14,414,750.00"
กระบุรี,"269,769.00","43,125.00","312,894.00","88,999,001.01"
เมืองระยอง,"94,498.75","30,832.50","125,331.25","38,951,277.56"
สะเดา,1,0,1,80
บ้านฉาง,"8,124.00","10,534.25","18,658.25","5,974,751.00"
แกลง,"217,403.00","68,063.26","285,466.26","115,328,730.06"
วังจันทร์,"116,221.00","19,190.00","135,411.00","81,793,148.17"
บ้านค่าย,"84,930.00","39,402.00","124,332.00","23,770,178.46"
มะขาม,45,0,45,"8,000.00"
ปลวกแดง,"78,571.00","12,839.00","91,410.00","43,785,908.29"
เขาชะเมา,"120,467.50","18,976.00","139,443.50","40,615,928.00"
มะขาม,10,0,10,"1,000.00"
สะเดา,55,8,63,920
นิคมพัฒนา,"25,466.00","4,435.00","29,901.00","6,670,538.00"
เมืองราชบุรี,"19,168.25","2,146.75","21,315.00","6,974,750.00"
จอมบึง,"9,709.75","11,657.65","21,367.40","1,110,400.00"
สะเดา,0,24,24,0
สวนผึ้ง,"10,991.00","14,767.00","25,758.00","5,929,390.00"
มะขาม,20,110,130,"6,000.00"
ดำเนินสะดวก,"62,332.00","15,249.00","77,581.00","204,173,530.00"
บ้านโป่ง,"4,031.00",895.5,"4,926.50","1,593,967.00"
สะเดา,2,0,2,50
บางแพ,"10,943.00","2,371.00","13,314.00","45,549,740.00"
โพธาราม,"4,784.00","5,133.50","9,917.50","602,250.00"
ปากท่อ,"23,056.00","16,607.50","39,663.50","23,638,916.00"
มะขาม,21,46,67,"1,200.00"
วัดเพลง,"8,079.00",35,"8,114.00","71,156,000.00"
บ้านคา,"11,705.00","11,021.75","22,726.75","4,092,548.65"
มะขาม,597,71,668,0
สะเดา,7,13.5,20.5,650
เมืองลพบุรี,"3,471.50","1,741.25","5,212.75","1,788,289.50"
มะขาม,60,50,110,"5,000.00"
สะเดา,0,6,6,0
พัฒนานิคม,"1,918.00","3,796.00","5,714.00","298,750.00"
โคกสำโรง,864,689,"1,553.00","2,564,595.00"
สะเดา,0,50,50,0
ชัยบาดาล,"2,721.00","3,552.00","6,273.00","4,581,305.00"
มะขาม,20,40,60,0
ท่าวุ้ง,861.5,503.5,"1,365.00","683,220.00"
บ้านหมี่,"1,864.00","2,831.00","4,695.00",0
ท่าหลวง,"3,397.00","1,551.00","4,948.00","8,625,807.00"
สระโบสถ์,662,"1,359.00","2,021.00",0
มะขาม,0,3,3,0
โคกเจริญ,"1,228.00","2,257.00","3,485.00","428,965.00"
ลำสนธิ,341,986.75,"1,327.75","317,400.00"
มะขาม,0,18,18,0
สะเดา,15,20,35,0
หนองม่วง,"4,456.00",901,"5,357.00","5,836,200.00"
มะขาม,0,94,94,0
เมืองลำปาง,"4,655.30","6,377.00","11,032.30",0
มะขาม,30,0,30,0
แม่เมาะ,"2,451.00","18,065.00","20,516.00","11,800.00"
มะขาม,187,477,664,0
เกาะคา,"4,830.75","4,021.00","8,851.75","51,600.00"
มะขาม,655,390,"1,045.00",0
เสริมงาม,"2,582.00","1,311.00","3,893.00","140,835.00"
มะขาม,45,0,45,"12,000.00"
งาว,"9,107.75","6,997.25","16,105.00","173,628.76"
มะขาม,82,125,207,0
แจ้ห่ม,"4,070.00","7,184.00","11,254.00","489,690.00"
มะขาม,290,185,475,"55,890.00"
วังเหนือ,"9,140.00","1,544.53","10,684.53","5,610,600.00"
มะขาม,760,118,878,"157,000.00"
เถิน,"14,128.00","19,647.00","33,775.00","241,150.00"
มะขาม,437,259,696,0
แม่พริก,"1,562.50","3,178.50","4,741.00",218.33
มะขาม,0,150,150,0
แม่ทะ,"2,049.50",572.5,"2,622.00",0
สบปราบ,"3,043.00","1,188.00","4,231.00","401,760.00"
มะขาม,514,338,852,"296,217.00"
ห้างฉัตร,"3,139.00","1,970.13","5,109.13","705,575.00"
เมืองปาน,"6,918.00","3,652.00","10,570.00",0
เมืองลำพูน,"44,304.00",217,"44,521.00","38,506,260.00"
มะขาม,7,0,7,0
แม่ทา,"28,479.00",169,"28,648.00","16,271,900.00"
บ้านโฮ่ง,"50,628.00",608,"51,236.00","37,356,200.00"
ลี้,"83,182.00","4,039.00","87,221.00","27,424,903.00"
มะขาม,96,6,102,"60,000.00"
ทุ่งหัวช้าง,"13,191.00",151,"13,342.00","5,594,900.00"
ป่าซาง,"49,317.00",379,"49,696.00","51,087,500.00"
มะขาม,0,2,2,0
บ้านธิ,"14,706.00",0,"14,706.00","10,224,600.00"
เวียงหนองล่อง,"19,994.00",108,"20,102.00","15,968,740.00"
มะขาม,0,1,1,0
เมืองเลย,"99,859.00","157,439.00","257,298.00","6,889,816.00"
มะขาม,"6,909.00",100,"7,009.00",0
นาด้วง,"44,298.13","56,700.11","100,998.24","179,182.50"
มะขาม,"2,115.00",335,"2,450.00",0
เชียงคาน,"93,493.33","30,465.45","123,958.78","133,510,403.50"
มะขาม,570.46,422.75,993.21,0
ปากชม,"266,023.00","94,279.00","360,302.00","294,462,411.50"
ด่านซ้าย,"26,762.00","31,579.50","58,341.50","34,055,650.00"
มะขาม,"1,853.00",536,"2,389.00","493,000.00"
นาแห้ว,"7,858.95","4,005.62","11,864.57","18,400,988.50"
มะขาม,53,10,63,0
ภูเรือ,"29,838.90","18,986.50","48,825.40","22,650,558.00"
มะขาม,493.5,726,"1,219.50","655,000.00"
ท่าลี่,"44,388.75","17,470.00","61,858.75","94,903,571.50"
มะขาม,"8,249.75",0,"8,249.75","10,711,175.00"
วังสะพุง,"119,242.75","48,878.75","168,121.50","20,201,554.00"
มะขาม,"4,179.00","5,870.00","10,049.00",0
ภูกระดึง,"7,693.00","4,657.00","12,350.00","1,060,550.00"
มะขาม,"2,926.00",39,"2,965.00",0
ภูหลวง,"17,146.00","2,595.00","19,741.00","12,915,849.00"
มะขาม,"2,469.00",230,"2,699.00","1,226,620.00"
ผาขาว,"21,235.00","2,363.00","23,598.00","6,202,400.90"
มะขาม,304,80,384,0
เอราวัณ,"17,302.00","11,626.00","28,928.00","1,183,720.00"
มะขาม,845,0,845,0
หนองหิน,"7,430.00","9,569.50","16,999.50","3,904,536.85"
มะขาม,"1,229.00",0,"1,229.00","1,933,500.00"
เมืองศรีสะเกษ,12,0,12,0
ยางชุมน้อย,117,115,232,0
กันทรารมย์,"3,687.25","10,713.00","14,400.25",0
กันทรลักษ์,"97,232.00","17,273.00","114,505.00","83,058,760.19"
ขุขันธ์,"4,988.00","9,478.75","14,466.75","6,980,007.00"
มะขาม,0,2,2,0
ไพรบึง,"2,258.75","2,407.50","4,666.25","845,680.00"
ปรางค์กู่,"2,046.00","3,202.50","5,248.50","4,150.00"
ขุนหาญ,"73,186.50","27,376.25","100,562.75","98,955,450.00"
ราษีไศล,73,478,551,0
อุทุมพรพิสัย,"1,063.00","1,013.00","2,076.00","89,085.00"
บึงบูรพ์,528,580,"1,108.00",300
ห้วยทับทัน,523,0,523,0
โนนคูณ,"1,287.00","2,837.15","4,124.15",0
ศรีรัตนะ,"4,963.25","4,943.28","9,906.53","16,745,447.37"
น้ำเกลี้ยง,"13,162.00","3,411.00","16,573.00",0
วังหิน,638.5,"1,945.75","2,584.25","3,000.00"
ภูสิงห์,"23,477.00","4,361.00","27,838.00","7,239,125.00"
เมืองจันทร์,445,"1,311.00","1,756.00","338,725.00"
เบญจลักษ์,0,"12,810.00","12,810.00",0
พยุห์,346.5,912.25,"1,258.75",0
โพธิ์ศรีสุวรรณ,431,858.25,"1,289.25","171,125.00"
ศิลาลาด,0,20.25,20.25,0
เมืองสกลนคร,"8,515.00","6,213.00","14,728.00","1,379,000.00"
มะขาม,113,42,155,"40,000.00"
กุสุมาลย์,"5,708.00","4,895.00","10,603.00","63,884,300.00"
กุดบาก,"13,714.25","4,279.00","17,993.25","8,536,370.00"
มะขาม,23,1,24,"103,000.00"
พรรณานิคม,"15,390.00","13,454.00","28,844.00","7,056,908.50"
มะขาม,43,0,43,"9,700.00"
พังโคน,"3,163.00","6,588.00","9,751.00",0
วาริชภูมิ,"38,831.00","9,596.00","48,427.00","2,356,000.00"
นิคมน้ำอูน,"19,432.82","10,550.00","29,982.82","3,587,500.00"
วานรนิวาส,"9,551.00","24,345.00","33,896.00","45,626,203.00"
มะขาม,14,14,28,110
คำตากล้า,"31,186.00","43,087.00","74,273.00","11,025,638.00"
มะขาม,3,8,11,"3,300.00"
บ้านม่วง,"38,663.72","25,828.97","64,492.69","18,470,823.00"
มะขาม,38,53,91,"28,550.00"
อากาศอำนวย,"11,527.00","4,766.00","16,293.00","49,405,210.00"
สว่างแดนดิน,"49,838.00","13,751.31","63,589.31",0
ส่องดาว,"9,647.94","18,299.01","27,946.95","9,497,560.00"
มะขาม,7,7,14,"4,000.00"
เต่างอย,"4,301.00","9,924.00","14,225.00","8,266,000.00"
มะขาม,0,112,112,0
โคกศรีสุพรรณ,"11,988.07","1,874.93","13,863.00","8,560,575.39"
มะขาม,59,1,60,"59,100.00"
เจริญศิลป์,"13,585.87","6,738.00","20,323.87","9,584,622.50"
มะขาม,50,50,100,400
โพนนาแก้ว,"5,484.00","1,888.00","7,372.00","34,010,230.00"
มะขาม,4,4,8,0
ภูพาน,"19,748.00","8,817.00","28,565.00","1,609,100.00"
มะขาม,170,62,232,"111,800.00"
เมืองสงขลา,"23,243.50","5,068.00","28,311.50","1,677,288.82"
สทิงพระ,"7,205.25","4,065.55","11,270.80","8,519,227.66"
จะนะ,"154,386.00","43,366.00","197,752.00","2,076,369.96"
นาทวี,"282,733.50","49,646.00","332,379.50",0
เทพา,"291,269.75","3,184.50","294,454.25","486,944,568.32"
สะบ้าย้อย,"186,574.27","47,093.30","233,667.57","19,931,896.48"
ระโนด,"31,869.41","7,398.34","39,267.75","156,705,712.33"
สะเดา,"369,114.00","70,580.00","439,694.00","95,622,632.67"
หาดใหญ่,"198,726.83","90,296.85","289,023.68","123,055,389.94"
นาหม่อม,"37,641.75","1,761.00","39,402.75","2,859,452.64"
ควนเนียง,"46,423.00","5,721.00","52,144.00","62,272,718.31"
บางกล่ำ,"23,281.75","1,119.25","24,401.00","4,582,469.93"
สิงหนคร,"9,891.75","3,002.25","12,894.00","11,028,794.00"
มะขาม,8,0,8,"18,000.00"
คลองหอยโข่ง,"83,170.25","15,405.00","98,575.25","7,070,278.18"
เมืองสตูล,"110,607.33","18,034.00","128,641.33","53,476,798.71"
ควนโดน,"42,099.78","17,418.55","59,518.33","13,669,468.62"
ควนกาหลง,"123,953.25","10,587.20","134,540.45","133,234,961.40"
ท่าแพ,"56,210.68","19,198.10","75,408.78","25,681,140.18"
สะเดา,0.5,0,0.5,0
ละงู,"75,143.75","26,552.25","101,696.00","169,278,866.52"
ทุ่งหว้า,"68,353.22","41,114.36","109,467.58","18,627,563.96"
มะนัง,"67,486.00","14,443.50","81,929.50","364,714,743.00"
เมืองสมุทรปราการ,230.25,18.8,249.05,"1,440.00"
บางบ่อ,"5,590.00",327,"5,917.00","2,465,212.00"
บางพลี,"2,557.00",21,"2,578.00","1,811,230.00"
พระประแดง,"1,462.00",144,"1,606.00","44,316.00"
พระสมุทรเจดีย์,148,110,258,"362,208.00"
บางเสาธง,"5,632.00","4,684.00","10,316.00","1,127,712.00"
เมืองสมุทรสงคราม,"24,884.00",198,"25,082.00","42,436,700.00"
มะขาม,0,7,7,0
บางคนที,"32,854.00","5,646.50","38,500.50","44,390,796.00"
อัมพวา,"31,194.00",891,"32,085.00","46,566,506.05"
เมืองสมุทรสาคร,"3,867.10","1,451.00","5,318.10","19,384,100.00"
กระทุ่มแบน,"4,995.00","3,126.00","8,121.00","8,279,440.00"
บ้านแพ้ว,"47,181.25","6,782.00","53,963.25","147,639,237.50"
เมืองสระแก้ว,"9,369.00","33,615.00","42,984.00","22,964,129.10"
คลองหาด,"6,161.00","4,776.00","10,937.00","25,435,849.00"
มะขาม,20,0,20,0
ตาพระยา,"1,343.00","5,647.00","6,990.00",0
วังน้ำเย็น,"4,041.00","16,599.00","20,640.00","1,267,395.37"
มะขาม,20,60,80,0
วัฒนานคร,"12,418.00","18,567.00","30,985.00","376,296,800.00"
อรัญประเทศ,"4,946.00","8,459.00","13,405.00","3,485,285.00"
เขาฉกรรจ์,"19,873.00","23,549.00","43,422.00","52,045,502.50"
โคกสูง,367,"1,167.00","1,534.00","450,000.00"
วังสมบูรณ์,"10,206.00","27,764.00","37,970.00",0
มะขาม,49,109,158,0
เมืองสระบุรี,615,154,769,0
แก่งคอย,"6,197.00","7,994.25","14,191.25",0
หนองแค,"4,775.75","2,872.00","7,647.75","42,307,461.00"
สะเดา,8.5,0,8.5,"4,505.00"
วิหารแดง,"6,816.00","2,931.00","9,747.00","16,461,500.00"
สะเดา,60,50,110,"12,250.00"
หนองแซง,231.25,5,236.25,0
บ้านหมอ,"3,309.00",0,"3,309.00","11,655,975.00"
ดอนพุด,0,4,4,0
หนองโดน,449,65,514,0
พระพุทธบาท,882,45,927,150
เสาไห้,227,82.5,309.5,"309,360.00"
มวกเหล็ก,"3,904.00","2,801.00","6,705.00","1,474,966.00"
มะขาม,224,122,346,"15,000.00"
วังม่วง,155,232,387,0
เฉลิมพระเกียรติ,973,75.75,"1,048.75","1,035,855.00"
เมืองสิงห์บุรี,302,981.74,"1,283.74","1,005,534.00"
บางระจัน,433.25,760.75,"1,194.00","2,170,990.00"
สะเดา,0,4.5,4.5,0
ค่ายบางระจัน,766.5,"1,386.75","2,153.25","325,499.02"
สะเดา,3.5,3,6.5,899
พรหมบุรี,411.15,706.9,"1,118.05","112,427.50"
มะขาม,0,0.75,0.75,0
สะเดา,0.9,0.9,1.8,5
ท่าช้าง,"1,044.00",284.25,"1,328.25","109,489.00"
อินทร์บุรี,591.5,371,962.5,"42,451.00"
เมืองสุโขทัย,910.75,"1,317.00","2,227.75","1,266,600.00"
บ้านด่านลานหอย,625,954.25,"1,579.25","350,300.00"
คีรีมาศ,"1,605.50",661.5,"2,267.00","704,570.00"
มะขาม,10,10,20,0
กงไกรลาศ,"1,243.00","1,292.00","2,535.00","866,737.00"
สะเดา,0,50,50,0
ศรีสัชนาลัย,"61,001.00","52,202.00","113,203.00","70,574,185.00"
ศรีสำโรง,"5,943.00","3,284.25","9,227.25","7,207,018.97"
มะขาม,15,25,40,"14,200.00"
สวรรคโลก,"37,144.00","5,424.00","42,568.00","56,880,675.00"
ศรีนคร,"5,718.50","6,401.00","12,119.50","12,157,270.00"
ทุ่งเสลี่ยม,"9,043.00","7,916.25","16,959.25","9,266,192.37"
มะขาม,0,6,6,0
เมืองสุพรรณบุรี,"12,261.00","3,372.50","15,633.50","17,921,675.00"
เดิมบางนางบวช,"2,727.25",656.25,"3,383.50","2,815,800.00"
ด่านช้าง,"7,389.00","9,065.00","16,454.00","4,388,442.00"
มะขาม,104,0,104,"24,400.00"
บางปลาม้า,547,553,"1,100.00","964,250.00"
ศรีประจันต์,"3,185.00",916,"4,101.00","490,000.00"
ดอนเจดีย์,"1,764.50","1,164.75","2,929.25","3,047,560.00"
สองพี่น้อง,498,50,548,"1,494,000.00"
สามชุก,"2,673.00",741,"3,414.00","952,150.00"
อู่ทอง,468.25,768.25,"1,236.50","28,000.00"
หนองหญ้าไซ,220,344,564,"97,000.00"
เมืองสุราษฎร์ธานี,"116,122.00","8,211.00","124,333.00","214,490,676.00"
กาญจนดิษฐ์,"517,950.12","51,708.30","569,658.42","299,865,933.32"
ดอนสัก,"149,308.00","28,902.50","178,210.50","46,119,226.73"
เกาะสมุย,"45,343.00","8,219.00","53,562.00","22,801,735.00"
เกาะพะงัน,"20,505.75","1,301.50","21,807.25","22,183,764.32"
ไชยา,"258,028.96","34,335.05","292,364.01","2,608,453,784.79"
ท่าชนะ,"275,195.00","51,899.00","327,094.00","232,322,360.23"
คีรีรัฐนิคม,"225,556.00","56,294.00","281,850.00","256,660,191.00"
บ้านตาขุน,"58,139.00","14,401.00","72,540.00","30,117,873.00"
พนม,"187,967.22","36,382.52","224,349.74","503,901,837.09"
ท่าฉาง,"330,453.00","35,266.00","365,719.00","184,932,534.27"
มะขาม,0,6,6,0
บ้านนาสาร,"230,846.50","82,699.00","313,545.50","142,887,225.12"
บ้านนาเดิม,"88,684.50","14,397.45","103,081.95","56,449,492.25"
เคียนซา,"304,100.00","28,113.00","332,213.00","93,301,248.64"
เวียงสระ,"132,444.00","34,907.50","167,351.50","41,498,411.95"
พระแสง,"454,962.00","59,790.50","514,752.50","477,643,035.34"
พุนพิน,"392,844.02","38,476.25","431,320.27",0
ชัยบุรี,"176,580.50","22,694.00","199,274.50","240,946,329.33"
วิภาวดี,"114,620.94","14,475.73","129,096.67","46,965,955.27"
เมืองสุรินทร์,"8,179.00","6,206.00","14,385.00","14,204,760.00"
ชุมพลบุรี,"8,672.00",294,"8,966.00","5,199,750.00"
ท่าตูม,"7,245.00","11,581.25","18,826.25","666,000.00"
จอมพระ,"2,589.75","2,627.75","5,217.50",0
ปราสาท,"6,650.95","6,732.50","13,383.45","50,751,815.00"
มะขาม,0,0,0,0
กาบเชิง,"9,183.00","10,425.00","19,608.00","6,743,536.00"
รัตนบุรี,"3,911.00",6,"3,917.00",0
สนม,"1,725.47","4,189.81","5,915.28","150,977.20"
ศีขรภูมิ,"5,400.00","7,850.00","13,250.00","19,943,476.00"
สังขะ,"55,191.00","31,572.00","86,763.00","16,278,301.50"
ลำดวน,"1,425.00",556,"1,981.00","549,405.00"
สำโรงทาบ,0,16,16,0
บัวเชด,"26,306.50","20,151.87","46,458.37","868,780.00"
พนมดงรัก,"35,051.00","16,363.00","51,414.00","9,198,980.00"
ศรีณรงค์,"37,701.58","17,034.75","54,736.33","9,929,773.00"
เขวาสินรินทร์,360.25,"1,510.75","1,871.00","605,500.00"
โนนนารายณ์,15,130,145,0
เมืองหนองคาย,"3,600.63","2,340.12","5,940.75","28,625,083.00"
มะขาม,2,4,6,600
ท่าบ่อ,"7,593.50","7,168.22","14,761.72","3,798,660.00"
มะขาม,0,10,10,0
โพนพิสัย,"41,663.41","26,833.76","68,497.17","36,316,004.50"
ศรีเชียงใหม่,"9,311.00",786.82,"10,097.82","2,096,019.00"
สังคม,"70,317.25","15,988.75","86,306.00","39,978,950.00"
มะขาม,3,0,3,0
สระใคร,"2,255.20","4,990.00","7,245.20","20,500.00"
เฝ้าไร่,"29,492.24","22,530.79","52,023.03","9,677,362.00"
รัตนวาปี,"48,841.00","18,090.00","66,931.00","21,192,185.00"
โพธิ์ตาก,"16,995.00","19,373.75","36,368.75","25,843,686.95"
มะขาม,3,0,3,"1,000.00"
เมืองหนองบัวลำภู,"18,885.00","15,226.50","34,111.50","10,264,734.50"
มะขาม,257,0,257,"234,000.00"
นากลาง,"20,519.00","9,194.00","29,713.00","7,925,890.00"
มะขาม,30,18,48,0
โนนสัง,"9,095.52","8,125.38","17,220.90","8,720,444.00"
ศรีบุญเรือง,"21,181.50","20,518.50","41,700.00","18,776,183.00"
สุวรรณคูหา,"28,023.00","15,626.25","43,649.25","18,522,270.00"
มะขาม,239,0,239,0
นาวัง,"12,887.75","3,430.00","16,317.75","9,535,598.00"
มะขาม,368,0,368,0
เมืองอ่างทอง,"3,202.25","3,399.00","6,601.25","1,821,290.00"
สะเดา,0,4,4,0
ไชโย,"2,423.50",773,"3,196.50","5,978,227.00"
ป่าโมก,"2,954.00",632.25,"3,586.25","9,149,500.00"
มะขาม,0,0.5,0.5,0
สะเดา,0,1,1,0
โพธิ์ทอง,"4,934.00","5,845.50","10,779.50","4,411,997.00"
แสวงหา,"3,321.00",713,"4,034.00","2,882,080.05"
วิเศษชัยชาญ,"3,993.75","3,502.75","7,496.50","4,901,567.00"
มะขาม,14,3,17,"18,200.00"
สะเดา,0,3,3,0
สามโก้,"6,203.00","3,051.00","9,254.00","7,731,000.00"
มะขาม,28.25,2,30.25,0
เมืองอำนาจเจริญ,"1,400.00","3,497.00","4,897.00","2,475,000.00"
มะขาม,0,20,20,0
ชานุมาน,"19,289.00","2,318.00","21,607.00",0
มะขาม,110,0,110,0
ปทุมราชวงศา,"15,590.43",307.25,"15,897.68","1,682,967.88"
พนา,0,0,0,0
เสนางคนิคม,"12,066.00","8,305.00","20,371.00",0
มะขาม,20,0,20,0
หัวตะพาน,"1,058.50","3,855.00","4,913.50","10,000.00"
ลืออำนาจ,251,"1,310.00","1,561.00",0
เมืองอุดรธานี,"8,990.50","7,888.00","16,878.50","21,721,507.00"
มะขาม,22,1,23,"138,000.00"
กุดจับ,"26,329.00","11,379.00","37,708.00","5,050,430.03"
มะขาม,14,27,41,"13,750.00"
หนองวัวซอ,"17,184.75","3,241.85","20,426.60","30,842,195.08"
มะขาม,10,0,10,0
กุมภวาปี,"7,941.25","2,881.73","10,822.98","8,001,437.07"
มะขาม,5,5,10,0
โนนสะอาด,"5,852.00","12,849.00","18,701.00","423,140.00"
หนองหาน,"5,446.00","10,460.00","15,906.00","243,832.50"
มะขาม,0,6,6,0
ทุ่งฝน,"8,487.75","1,382.25","9,870.00","3,145,843.00"
มะขาม,0,2,2,0
ไชยวาน,"5,333.00","5,215.00","10,548.00","269,550.00"
ศรีธาตุ,"8,322.00","9,237.00","17,559.00","12,182,610.00"
วังสามหมอ,"42,239.61","11,919.36","54,158.97","7,764,800.22"
บ้านดุง,"28,319.50","45,704.50","74,024.00","8,644,388.00"
มะขาม,34,64,98,0
บ้านผือ,"15,981.00","30,047.00","46,028.00","1,031,083.00"
มะขาม,0,155,155,0
น้ำโสม,"72,045.00","43,072.00","115,117.00","11,780,473.00"
มะขาม,57,0,57,0
เพ็ญ,"4,634.00","23,341.00","27,975.00","490,981.50"
มะขาม,8,119,127,0
สร้างคอม,"3,708.00","6,168.00","9,876.00","70,926,550.00"
มะขาม,200,445,645,"20,600.00"
หนองแสง,"15,083.00","19,124.00","34,207.00","6,170,638.00"
มะขาม,10,42,52,30
นายูง,"10,534.75","2,055.00","12,589.75","44,473,650.00"
มะขาม,4,0,4,"1,000.00"
พิบูลย์รักษ์,"2,523.00","6,070.00","8,593.00","2,790,934.00"
มะขาม,4,4,8,"1,200.00"
กู่แก้ว,"9,509.00","6,014.00","15,523.00","8,558,082.65"
ประจักษ์ศิลปาคม,"1,705.75","3,337.00","5,042.75","54,459,440.00"
เมืองอุตรดิตถ์,"11,279.45","16,101.50","27,380.95","3,000.00"
มะขาม,66,145,211,0
ตรอน,369.75,517.5,887.25,"15,685.00"
ท่าปลา,"34,041.00","9,913.00","43,954.00","3,624,000.00"
มะขาม,58,113,171,0
น้ำปาด,"2,264.25","4,853.00","7,117.25","40,070.00"
มะขาม,80,70,150,0
ฟากท่า,0,"8,852.00","8,852.00",0
มะขาม,0,"8,852.00","8,852.00",0
บ้านโคก,"11,810.00","9,922.39","21,732.39","10,677,070.00"
มะขาม,"5,368.00","3,740.00","9,108.00","5,460,565.00"
พิชัย,"2,895.80","1,174.20","4,070.00","1,855,800.00"
ลับแล,"27,444.75","10,015.75","37,460.50","38,187,812.50"
มะขาม,10,60,70,0
ทองแสนขัน,"1,297.75","10,061.25","11,359.00",0
มะขาม,0,7,7,0
สะเดา,0,5,5,0
เมืองอุทัยธานี,"1,626.25","1,459.75","3,086.00","45,000.00"
มะขาม,1,0,1,0
ทัพทัน,"2,042.25","1,106.25","3,148.50","1,435,326.00"
สว่างอารมณ์,"1,312.00","4,032.00","5,344.00",0
มะขาม,22,8,30,0
หนองฉาง,847,679,"1,526.00","34,270.00"
มะขาม,3,8,11,0
หนองขาหย่าง,795.25,627.33,"1,422.58","737,440.00"
บ้านไร่,"16,874.00","14,374.00","31,248.00","5,973,370.00"
มะขาม,10,15,25,0
ลานสัก,"6,178.75","5,128.45","11,307.20","3,920,144.50"
มะขาม,23,52,75,"1,000.00"
ห้วยคต,"7,830.00","4,736.00","12,566.00","12,272,180.00"
เมืองอุบลราชธานี,37,45.75,82.75,"43,000.00"
โขงเจียม,"21,499.00","15,915.60","37,414.60",0
มะขาม,35,5,40,0
เขื่องใน,"7,502.75","7,643.00","15,145.75",0
เขมราฐ,"3,601.00","9,273.25","12,874.25",0
เดชอุดม,"33,170.00","3,776.00","36,946.00","7,675,520.00"
นาจะหลวย,"42,502.00","16,654.00","59,156.00","191,121,050.00"
น้ำยืน,"29,470.00","21,361.00","50,831.00","4,913,421.00"
มะขาม,40,25,65,0
บุณฑริก,"14,025.10","94,223.51","108,248.61",0
ตระการพืชผล,"3,745.25","1,065.13","4,810.38",0
กุดข้าวปุ้น,"8,518.00","2,266.00","10,784.00","12,000.00"
ม่วงสามสิบ,"3,002.00","4,345.00","7,347.00",0
มะขาม,25,25,50,0
วารินชำราบ,"1,138.50","2,440.50","3,579.00","17,600.00"
พิบูลมังสาหาร,"6,985.00","5,720.00","12,705.00",0
ตาลสุม,"1,589.00","1,659.00","3,248.00","114,360.00"
โพธิ์ไทร,"18,691.00","15,720.00","34,411.00","3,327,498.00"
มะขาม,45,0,45,"12,100.00"
สำโรง,116,"1,050.00","1,166.00",0
สิรินธร,"24,575.00","20,756.00","45,331.00","5,632,415.69"
ทุ่งศรีอุดม,"10,140.00","3,985.00","14,125.00","7,315,700.00"
นาเยีย,"2,738.25","3,439.90","6,178.15","19,146,280.00"
นาตาล,"1,070.60","1,970.50","3,041.10","147,482.00"
มะขาม,97,0,97,0
เหล่าเสือโก้ก,"3,336.25","1,388.00","4,724.25","1,507,894.97"
น้ำขุ่น,"13,806.00","5,441.00","19,247.00","5,956,050.00"
